Title;Authors;Journal;Loading
Lexicality drives audio-motor transformations in Broca's area.;Kotz SA, D'Ausilio A, Raettig T, Begliomini C, Craighero L, Fabbri-Destro M, Zingales C, Haggard P, Fadiga L;Brain and language;0.624
Broca's area and sentence comprehension: a relationship parasitic on dependency, displacement or predictability?;Santi A, Grodzinsky Y;Neuropsychologia;0.557
Cross-cultural consistency and diversity in intrinsic functional organization of Broca's Region.;Zhang Y, Fan L, Caspers S, Heim S, Song M, Liu C, Mo Y, Eickhoff SB, Amunts K, Jiang T;NeuroImage;0.491
Regional brain atrophy and functional disconnection in Broca's area in individuals at ultra-high risk for psychosis and schizophrenia.;Jung WH, Jang JH, Shin NY, Kim SN, Choi CH, An SK, Kwon JS;PloS one;0.481
Working memory and syntax interact in Broca's area.;Santi A, Grodzinsky Y;NeuroImage;0.446
Neural correlates of syntactic transformations.;Wartenburger I, Heekeren HR, Burchert F, Heinemann S, De Bleser R, Villringer A;Human brain mapping;0.439
fMRI adaptation dissociates syntactic complexity dimensions.;Santi A, Grodzinsky Y;NeuroImage;0.404
Polymodal conceptual processing of human biological actions in the left inferior frontal lobe.;Baumgaertner A, Buccino G, Lange R, McNamara A, Binkofski F;The European journal of neuroscience;0.372
Robust localization and lateralization of human language function: an optimized clinical functional magnetic resonance imaging protocol.;Stippich C, Mohammed J, Kress B, Hahnel S, Gunther J, Konrad F, Sartor K;Neuroscience letters;0.366
Inter- and Intrahemispheric Connectivity Differences When Reading Japanese Kanji and Hiragana.;Kawabata Duncan KJ, Twomey T, Parker Jones O, Seghier ML, Haji T, Sakai K, Price CJ, Devlin JT;Cerebral cortex (New York, N.Y. : 1991);0.345
Speaking with a single cerebral hemisphere: fMRI language organization after hemispherectomy in childhood.;Liegeois F, Connelly A, Baldeweg T, Vargha-Khadem F;Brain and language;0.344
Functional organization of perisylvian activation during presentation of sentences in preverbal infants.;Dehaene-Lambertz G, Hertz-Pannier L, Dubois J, Meriaux S, Roche A, Sigman M, Dehaene S;Proceedings of the National Academy of Sciences of the United States of America;0.331
White matter integrity in the vicinity of Broca's area predicts grammar learning success.;Floel A, de Vries MH, Scholz J, Breitenstein C, Johansen-Berg H;NeuroImage;0.326
Auditory verbal hallucinations predominantly activate the right inferior frontal area.;Sommer IE, Diederen KM, Blom JD, Willems A, Kushan L, Slotema K, Boks MP, Daalman K, Hoek HW, Neggers SF, Kahn RS;Brain : a journal of neurology;0.314
Premotor cortex mediates perceptual performance.;Callan D, Callan A, Gamez M, Sato MA, Kawato M;NeuroImage;0.31
Is Broca's area involved in the processing of passive sentences? An event-related fMRI study.;Yokoyama S, Watanabe J, Iwata K, Ikuta N, Haji T, Usui N, Taira M, Miyamoto T, Nakamura W, Sato S, Horie K, Kawashima R;Neuropsychologia;0.287
Brain activation during semantic processing in autism spectrum disorders via functional magnetic resonance imaging.;Harris GJ, Chabris CF, Clark J, Urban T, Aharon I, Steele S, McGrath L, Condouris K, Tager-Flusberg H;Brain and cognition;0.284
Probing overtly spoken language at sentential level: a comprehensive high-field BOLD-fMRI protocol reflecting everyday language demands.;Foki T, Gartus A, Geissler A, Beisteiner R;NeuroImage;0.282
A structural distance effect for backward anaphora in Broca's area: an fMRI study.;Matchin W, Sprouse J, Hickok G;Brain and language;0.268
Word order and Broca's region: evidence for a supra-syntactic perspective.;Bornkessel-Schlesewsky I, Schlesewsky M, von Cramon DY;Brain and language;0.263
Categorical speech processing in Broca's area: an fMRI study using multivariate pattern-based analysis.;Lee YS, Turkeltaub P, Granger R, Raizada RD;The Journal of neuroscience : the official journal of the Society for Neuroscience;0.256
Dissociating neural mechanisms of temporal sequencing and processing phonemes.;Gelfand JR, Bookheimer SY;Neuron;0.255
Topographical functional connectivity pattern in the perisylvian language networks.;Xiang HD, Fonteijn HM, Norris DG, Hagoort P;Cerebral cortex (New York, N.Y. : 1991);0.255
Age-related connectivity changes in fMRI data from children listening to stories.;Karunanayaka PR, Holland SK, Schmithorst VJ, Solodkin A, Chen EE, Szaflarski JP, Plante E;NeuroImage;0.252
Cerebral asymmetry for language: Comparing production with comprehension.;Haberling IS, Steinemann A, Corballis MC;Neuropsychologia;0.251
Phonological processing during language production: fMRI evidence for a shared production-comprehension network.;Heim S, Opitz B, Muller K, Friederici AD;Brain research. Cognitive brain research;0.249
Revisiting the role of Broca's area in sentence processing: syntactic integration versus syntactic working memory.;Fiebach CJ, Schlesewsky M, Lohmann G, von Cramon DY, Friederici AD;Human brain mapping;0.249
Mirror neurons, the representation of word meaning, and the foot of the third left frontal convolution.;de Zubicaray G, Postle N, McMahon K, Meredith M, Ashton R;Brain and language;0.236
An fMRI study of perception and action in deaf signers.;Okada K, Rogalsky C, O'Grady L, Hanaumi L, Bellugi U, Corina D, Hickok G;Neuropsychologia;0.236
Changes in intrinsic connectivity of the brain's reading network following intervention in children with autism.;Murdaugh DL, Maximo JO, Kana RK;Human brain mapping;0.231
Second-language instinct and instruction effects: nature and nurture in second-language acquisition.;Yusa N, Koizumi M, Kim J, Kimura N, Uchida S, Yokoyama S, Miura N, Kawashima R, Hagiwara H;Journal of cognitive neuroscience;0.225
Broca's region and Visual Word Form Area activation differ during a predictive Stroop task.;Wallentin M, Gravholt CH, Skakkebaek A;"Cortex; a journal devoted to the study of the nervous system and behavior";0.224
Broca's area and the hierarchical organization of human behavior.;Koechlin E, Jubault T;Neuron;0.219
Interhemispheric transfer of language in patients with left frontal cerebral arteriovenous malformation.;Lazar RM, Marshall RS, Pile-Spellman J, Duong HC, Mohr JP, Young WL, Solomon RL, Perera GM, DeLaPaz RL;Neuropsychologia;0.218
Sub-patterns of language network reorganization in pediatric localization related epilepsy: a multisite study.;You X, Adjouadi M, Guillen MR, Ayala M, Barreto A, Rishe N, Sullivan J, Dlugos D, Vanmeter J, Morris D, Donner E, Bjornson B, Smith ML, Bernal B, Berl M, Gaillard WD;Human brain mapping;0.218
Functional anatomy of language and music perception: temporal and structural factors investigated using functional magnetic resonance imaging.;Rogalsky C, Rong F, Saberi K, Hickok G;The Journal of neuroscience : the official journal of the Society for Neuroscience;0.214
Disturbed functional connectivity of cortical activation during semantic discrimination in patients with schizophrenia and subjects at genetic high-risk.;Li X, Branch CA, Nierenberg J, Delisi LE;Brain imaging and behavior;0.208
Audiovisual integration during speech comprehension: an fMRI study comparing ROI-based and whole brain analyses.;Szycik GR, Jansma H, Munte TF;Human brain mapping;0.206
Differential effects of syntactic and semantic processing on the subregions of Broca's area.;Newman SD, Just MA, Keller TA, Roth J, Carpenter PA;Brain research. Cognitive brain research;0.202
Hierarchical artificial grammar processing engages Broca's area.;Bahlmann J, Schubotz RI, Friederici AD;NeuroImage;0.198
Linking ordering in Broca's area to storage in left temporo-parietal regions: the case of sentence processing.;Meyer L, Obleser J, Anwander A, Friederici AD;NeuroImage;0.197
Language reorganization in children with early-onset lesions of the left hemisphere: an fMRI study.;Liegeois F, Connelly A, Cross JH, Boyd SG, Gadian DG, Vargha-Khadem F, Baldeweg T;Brain : a journal of neurology;0.196
Altered effective connectivity within the language network in primary progressive aphasia.;Sonty SP, Mesulam MM, Weintraub S, Johnson NA, Parrish TB, Gitelman DR;The Journal of neuroscience : the official journal of the Society for Neuroscience;0.195
Language lateralization in unmedicated patients during an acute episode of schizophrenia: a functional MRI study.;Weiss EM, Hofer A, Golaszewski S, Siedentopf C, Felber S, Fleischhacker WW;Psychiatry research;0.188
Left cytoarchitectonic area 44 supports selection in the mental lexicon during language production.;Heim S, Eickhoff SB, Friederici AD, Amunts K;Brain structure & function;0.186
Rhythmic brain activities related to singing in humans.;Gunji A, Ishii R, Chau W, Kakigi R, Pantev C;NeuroImage;0.183
Bilateral Transcranial Direct Current Stimulation Language Treatment Enhances Functional Connectivity in the Left Hemisphere: Preliminary Data from Aphasia.;Marangolo P, Fiori V, Sabatini U, De Pasquale G, Razzano C, Caltagirone C, Gili T;Journal of cognitive neuroscience;0.177
When language meets action: the neural integration of gesture and speech.;Willems RM, Ozyurek A, Hagoort P;Cerebral cortex (New York, N.Y. : 1991);0.176
Recoding, storage, rehearsal and grouping in verbal short-term memory: an fMRI study.;Henson RN, Burgess N, Frith CD;Neuropsychologia;0.174
Group independent component analysis and functional MRI examination of changes in language areas associated with brain tumors at different locations.;Wang L, Chen D, Yang X, Olson JJ, Gopinath K, Fan T, Mao H;PloS one;0.173
Brain signature of working memory for sentence structure: enriched encoding and facilitated maintenance.;Bonhage CE, Fiebach CJ, Bahlmann J, Mueller JL;Journal of cognitive neuroscience;0.17
Separable neuronal circuitries for manipulable and non-manipulable objects in working memory.;Mecklinger A, Gruenewald C, Besson M, Magnie MN, Von Cramon DY;Cerebral cortex (New York, N.Y. : 1991);0.168
Inside the syntactic box: the neural correlates of the functional and positional level in covert sentence production.;Collina S, Seurinck R, Hartsuiker RJ;PloS one;0.167
Temporal reliability and lateralization of the resting-state language network.;Zhu L, Fan Y, Zou Q, Wang J, Gao JH, Niu Z;PloS one;0.164
The brain differentiates human and non-human grammars: functional localization and structural connectivity.;Friederici AD, Bahlmann J, Heim S, Schubotz RI, Anwander A;Proceedings of the National Academy of Sciences of the United States of America;0.161
Broca's area supports enhanced visuospatial cognition in orchestral musicians.;Sluming V, Brooks J, Howard M, Downes JJ, Roberts N;The Journal of neuroscience : the official journal of the Society for Neuroscience;0.16
Differential roles of right temporal cortex and Broca's area in pitch processing: evidence from music and Mandarin.;Nan Y, Friederici AD;Human brain mapping;0.159
Putamen-related regional and network functional deficits in first-episode schizophrenia with auditory verbal hallucinations.;Cui LB, Liu K, Li C, Wang LX, Guo F, Tian P, Wu YJ, Guo L, Liu WM, Xi YB, Wang HN, Yin H;Schizophrenia research;0.154
Parallel memory systems for talking about location and age in precuneus, caudate and Broca's region.;Wallentin M, Roepstorff A, Glover R, Burgess N;NeuroImage;0.15
Brain activation and lexical learning: the impact of learning phase and word type.;Raboyeau G, Marcotte K, Adrover-Roig D, Ansaldo AI;NeuroImage;0.143
Specialisation in Broca's region for semantic, phonological, and syntactic fluency?;Heim S, Eickhoff SB, Amunts K;NeuroImage;0.142
Taxing working memory with syntax: bihemispheric modulations.;Santi A, Grodzinsky Y;Human brain mapping;0.141
Processing linguistic complexity and grammaticality in the left frontal cortex.;Friederici AD, Fiebach CJ, Schlesewsky M, Bornkessel ID, von Cramon DY;Cerebral cortex (New York, N.Y. : 1991);0.139
Increased activation in Broca's area after cognitive remediation in schizophrenia.;Vianin P, Urben S, Magistretti P, Marquet P, Fornari E, Jaugey L;Psychiatry research;0.139
Is Broca's area crucial for imitation?;Makuuchi M;Cerebral cortex (New York, N.Y. : 1991);0.138
Neural circuits of hierarchical visuo-spatial sequence processing.;Bahlmann J, Schubotz RI, Mueller JL, Koester D, Friederici AD;Brain research;0.136
Anatomical Modularity of Verbal Working Memory? Functional Anatomical Evidence from a Famous Patient with Short-Term Memory Deficits.;Paulesu E, Shallice T, Danelli L, Sberna M, Frackowiak RSJ, Frith CD;Frontiers in human neuroscience;0.134
Genetic influences of resting state fMRI activity in language-related brain regions in healthy controls and schizophrenia patients: a pilot study.;Jamadar S, Powers NR, Meda SA, Calhoun VD, Gelernter J, Gruen JR, Pearlson GD;Brain imaging and behavior;0.132
Shared networks for auditory and motor processing in professional pianists: evidence from fMRI conjunction.;Bangert M, Peschel T, Schlaug G, Rotte M, Drescher D, Hinrichs H, Heinze HJ, Altenmuller E;NeuroImage;0.131
Parahippocampal reactivation signal at retrieval after interruption of rehearsal.;Sakai K, Rowe JB, Passingham RE;The Journal of neuroscience : the official journal of the Society for Neuroscience;0.129
Audiovisual speech integration does not rely on the motor system: evidence from articulatory suppression, the McGurk effect, and fMRI.;Matchin W, Groulx K, Hickok G;Journal of cognitive neuroscience;0.129
Cerebral activations related to writing and drawing with each hand.;Potgieser AR, van der Hoorn A, de Jong BM;PloS one;0.126
Activation of premotor vocal areas during musical discrimination.;Brown S, Martinez MJ;Brain and cognition;0.125
Co-localization of stroop and syntactic ambiguity resolution in Broca's area: implications for the neural basis of sentence processing.;January D, Trueswell JC, Thompson-Schill SL;Journal of cognitive neuroscience;0.125
Language Universals Engage Broca's Area.;Berent I, Pan H, Zhao X, Epstein J, Bennett ML, Deshpande V, Seethamraju RT, Stern E;PloS one;0.125
Functional activation during reading in relation to the sulci of the angular gyrus region.;Segal E, Petrides M;The European journal of neuroscience;0.122
Yearning to yawn: the neural basis of contagious yawning.;Schurmann M, Hesse MD, Stephan KE, Saarela M, Zilles K, Hari R, Fink GR;NeuroImage;0.121
Resting-state functional connectivity indexes reading competence in children and adults.;Koyama MS, Di Martino A, Zuo XN, Kelly C, Mennes M, Jutagir DR, Castellanos FX, Milham MP;The Journal of neuroscience : the official journal of the Society for Neuroscience;0.121
Does brain activity at rest reflect adaptive strategies? Evidence from speech processing after cochlear implantation.;Strelnikov K, Rouger J, Demonet JF, Lagleyre S, Fraysse B, Deguine O, Barone P;Cerebral cortex (New York, N.Y. : 1991);0.12
Framing effects: behavioral dynamics and neural basis.;Zheng H, Wang XT, Zhu L;Neuropsychologia;0.12
Form and content: dissociating syntax and semantics in sentence comprehension.;Dapretto M, Bookheimer SY;Neuron;0.119
Cortical activation and synchronization during sentence comprehension in high-functioning autism: evidence of underconnectivity.;Just MA, Cherkassky VL, Keller TA, Minshew NJ;Brain : a journal of neurology;0.117
Longitudinal fMRI study of reading in a patient with letter-by-letter reading.;Ino T, Tokumoto K, Usami K, Kimura T, Hashimoto Y, Fukuyama H;"Cortex; a journal devoted to the study of the nervous system and behavior";0.116
The language skeleton after dissecting meaning: A functional segregation within Broca's Area.;Goucha T, Friederici AD;NeuroImage;0.116
Two cortical mechanisms support the integration of visual and auditory speech: a hypothesis and preliminary data.;Okada K, Hickok G;Neuroscience letters;0.115
Jazz drummers recruit language-specific areas for the processing of rhythmic structure.;Herdener M, Humbel T, Esposito F, Habermeyer B, Cattapan-Ludewig K, Seifritz E;Cerebral cortex (New York, N.Y. : 1991);0.115
Broca's area in the human brain is involved in the selection of grammatical gender for language production: evidence from event-related functional magnetic resonance imaging.;Heim S, Opitz B, Friederici AD;Neuroscience letters;0.114
Modality-independent involvement of the left BA 44 during lexical decision making.;Heim S, Eickhoff SB, Ischebeck AK, Supp G, Amunts K;Brain structure & function;0.114
When sex meets syntactic gender on a neural basis during pronoun processing.;Hammer A, Goebel R, Schwarzbach J, Munte TF, Jansma BM;Brain research;0.113
Broca's area homologue in chimpanzees (Pan troglodytes): probabilistic mapping, asymmetry, and comparison to humans.;Schenker NM, Hopkins WD, Spocter MA, Garrison AR, Stimpson CD, Erwin JM, Hof PR, Sherwood CC;Cerebral cortex (New York, N.Y. : 1991);0.113
Who was the agent? The neural correlates of reanalysis processes during sentence comprehension.;Hirotani M, Makuuchi M, Ruschemeyer SA, Friederici AD;Human brain mapping;0.113
Morphological derivation overflow as a result of disruption of the left frontal aslant white matter tract.;Sierpowska J, Gabarros A, Fernandez-Coello A, Camins A, Castaner S, Juncadella M, de Diego-Balaguer R, Rodriguez-Fornells A;Brain and language;0.113
Good, bad and ugly word stress--fMRI evidence for foot structure driven processing of prosodic violations.;Domahs U, Klein E, Huber W, Domahs F;Brain and language;0.112
Pathways to lexical ambiguity: fMRI evidence for bilateral fronto-parietal involvement in language processing.;Klepousniotou E, Gracco VL, Pike GB;Brain and language;0.112
"What letters can ""learn"" from Arabic digits--fMRI-controlled single case therapy study of peripheral agraphia.";Jung S, Halm K, Huber W, Willmes K, Klein E;Brain and language;0.112
Brain responses to altered auditory feedback during musical keyboard production: an fMRI study.;Pfordresher PQ, Mantell JT, Brown S, Zivadinov R, Cox JL;Brain research;0.11
Age-related differences in the brain areas outside the classical language areas among adults using category decision task.;Cho YW, Song HJ, Lee JJ, Lee JH, Lee HJ, Yi SD, Chang HW, Berl MM, Gaillard WD, Chang Y;Brain and language;0.109
Resting state functional connectivity of the anterior striatum and prefrontal cortex predicts reading performance in school-age children.;Alcauter S, Garcia-Mondragon L, Gracia-Tabuenca Z, Moreno MB, Ortiz JJ, Barrios FA;Brain and language;0.108
Inflection in action: Semantic motor system activation to noun- and verb-containing phrases is modulated by the presence of overt grammatical markers.;Pulvermuller F, Cook C, Hauk O;NeuroImage;0.107
Multiple modes of clearing one's mind of current thoughts: overlapping and distinct neural systems.;Banich MT, Mackiewicz Seghete KL, Depue BE, Burgess GC;Neuropsychologia;0.107
Pain modulates cerebral activity during cognitive performance.;Remy F, Frankenstein UN, Mincic A, Tomanek B, Stroman PW;NeuroImage;0.106
Neural basis of mental scanning of a topographic representation built from a text.;Mellet E, Bricogne S, Crivello F, Mazoyer B, Denis M, Tzourio-Mazoyer N;Cerebral cortex (New York, N.Y. : 1991);0.105
Dissociating the effects of Sternberg working memory demands in prefrontal cortex.;Altamura M, Elvevag B, Blasi G, Bertolino A, Callicott JH, Weinberger DR, Mattay VS, Goldberg TE;Psychiatry research;0.105
Category Specific Spatial Dissociations of Parallel Processes Underlying Visual Naming.;Conner CR, Chen G, Pieters TA, Tandon N;Cerebral cortex (New York, N.Y. : 1991);0.105
Neural network involved in time perception: an fMRI study comparing long and short interval estimation.;Pouthas V, George N, Poline JB, Pfeuty M, Vandemoorteele PF, Hugueville L, Ferrandez AM, Lehericy S, Lebihan D, Renault B;Human brain mapping;0.104
The extreme capsule in humans and rethinking of the language circuitry.;Makris N, Pandya DN;Brain structure & function;0.104
The role of the right hemisphere in processing nonsalient metaphorical meanings: application of principal components analysis to fMRI data.;Mashal N, Faust M, Hendler T;Neuropsychologia;0.103
Supercalifragilisticexpialidocious: how the brain learns words never heard before.;Paulesu E, Vallar G, Berlingeri M, Signorini M, Vitali P, Burani C, Perani D, Fazio F;NeuroImage;0.103
Comparison of baseline conditions to investigate syntactic production using functional magnetic resonance imaging.;Peck KK, Wierenga CE, Moore AB, Maher LM, Gopinath K, Gaiefsky M, Briggs RW, Crosson B;NeuroImage;0.102
Stereotaxic probabilistic maps of the magnocellular cell groups in human basal forebrain.;Zaborszky L, Hoemke L, Mohlberg H, Schleicher A, Amunts K, Zilles K;NeuroImage;0.102
Connectivity of the hippocampus and Broca's area during acquisition of a novel grammar.;Kepinska O, de Rover M, Caspers J, Schiller NO;NeuroImage;0.102
Linguistic prominence and Broca's area: the influence of animacy as a linearization principle.;Grewe T, Bornkessel I, Zysset S, Wiese R, von Cramon DY, Schlesewsky M;NeuroImage;0.101
From phonemes to articulatory codes: an fMRI study of the role of Broca's area in speech production.;Papoutsi M, de Zwart JA, Jansma JM, Pickering MJ, Bednar JA, Horwitz B;Cerebral cortex (New York, N.Y. : 1991);0.101
The neuroanatomy of pure apraxia of speech in stroke.;Graff-Radford J, Jones DT, Strand EA, Rabinstein AA, Duffy JR, Josephs KA;Brain and language;0.101
Hemispheric asymmetries in language-related pathways: a combined functional MRI and tractography study.;Powell HW, Parker GJ, Alexander DC, Symms MR, Boulby PA, Wheeler-Kingshott CA, Barker GJ, Noppeney U, Koepp MJ, Duncan JS;NeuroImage;0.1
Effects of domain-specific interference on brain activation associated with verbal working memory task performance.;Gruber O;Cerebral cortex (New York, N.Y. : 1991);0.099
Distinct neural substrates for deductive and mathematical processing.;Kroger JK, Nystrom LE, Cohen JD, Johnson-Laird PN;Brain research;0.099
Landmark sequencing and route knowledge: an fMRI study.;Nemmi F, Piras F, Peran P, Incoccia C, Sabatini U, Guariglia C;"Cortex; a journal devoted to the study of the nervous system and behavior";0.099
The role of lateral premotor-cerebellar-parietal circuits in motor sequence control: a parametric fMRI study.;Haslinger B, Erhard P, Weilke F, Ceballos-Baumann AO, Bartenstein P, Grafin von Einsiedel H, Schwaiger M, Conrad B, Boecker H;Brain research. Cognitive brain research;0.098
The role of the posterior superior temporal sulcus in the processing of unmarked transitivity.;Grewe T, Bornkessel-Schlesewsky I, Zysset S, Wiese R, von Cramon DY, Schlesewsky M;NeuroImage;0.098
Alterations in neural connectivity in preterm children at school age.;Gozzo Y, Vohr B, Lacadie C, Hampson M, Katz KH, Maller-Kesselman J, Schneider KC, Peterson BS, Rajeevan N, Makuch RW, Constable RT, Ment LR;NeuroImage;0.098
The neuroanatomy of general intelligence: sex matters.;Haier RJ, Jung RE, Yeo RA, Head K, Alkire MT;NeuroImage;0.096
Reduction of basal forebrain cholinergic system parallels cognitive impairment in patients at high risk of developing Alzheimer's disease.;Grothe M, Zaborszky L, Atienza M, Gil-Neciga E, Rodriguez-Romero R, Teipel SJ, Amunts K, Suarez-Gonzalez A, Cantero JL;Cerebral cortex (New York, N.Y. : 1991);0.096
Interindividual differences in functional interactions among prefrontal, parietal and parahippocampal regions during working memory.;Glabus MF, Horwitz B, Holt JL, Kohn PD, Gerton BK, Callicott JH, Meyer-Lindenberg A, Berman KF;Cerebral cortex (New York, N.Y. : 1991);0.095
Associations between cortical thickness and verbal fluency in childhood, adolescence, and young adulthood.;Porter JN, Collins PF, Muetzel RL, Lim KO, Luciana M;NeuroImage;0.095
Syntax without language: neurobiological evidence for cross-domain syntactic computations.;Tettamanti M, Rotondi I, Perani D, Scotti G, Fazio F, Cappa SF, Moro A;"Cortex; a journal devoted to the study of the nervous system and behavior";0.094
Neural basis of protracted developmental changes in visuo-spatial working memory.;Kwon H, Reiss AL, Menon V;Proceedings of the National Academy of Sciences of the United States of America;0.093
Interactions of the hippocampal system and the prefrontal cortex in learning language-like rules.;Opitz B, Friederici AD;NeuroImage;0.093
Silence is golden: transient neural deactivation in the prefrontal cortex during attentive reading.;Lachaux JP, Jung J, Mainy N, Dreher JC, Bertrand O, Baciu M, Minotti L, Hoffmann D, Kahane P;Cerebral cortex (New York, N.Y. : 1991);0.093
Cerebrocerebellar networks during articulatory rehearsal and verbal working memory tasks.;Chen SH, Desmond JE;NeuroImage;0.092
Auditory hallucinations in schizophrenia are associated with reduced functional connectivity of the temporo-parietal area.;Vercammen A, Knegtering H, den Boer JA, Liemburg EJ, Aleman A;Biological psychiatry;0.092
Increased functional brain response during word retrieval in cognitively intact older adults at genetic risk for Alzheimer's disease.;Wierenga CE, Stricker NH, McCauley A, Simmons A, Jak AJ, Chang YL, Delano-Wood L, Bangen KJ, Salmon DP, Bondi MW;NeuroImage;0.092
Neural correlates in the processing of phoneme-level complexity in vowel production.;Park H, Iverson GK, Park HJ;Brain and language;0.092
The influence of syllable onset complexity and syllable frequency on speech motor control.;Riecker A, Brendel B, Ziegler W, Erb M, Ackermann H;Brain and language;0.091
Reduced cortical thickness, surface area in patients with chronic obstructive pulmonary disease: a surface-based morphometry and neuropsychological study.;Chen J, Lin IT, Zhang H, Lin J, Zheng S, Fan M, Zhang J;Brain imaging and behavior;0.091
Posttraumatic stress disorder and fMRI activation patterns of traumatic memory in patients with borderline personality disorder.;Driessen M, Beblo T, Mertens M, Piefke M, Rullkoetter N, Silva-Saavedra A, Reddemann L, Rau H, Markowitsch HJ, Wulff H, Lange W, Woermann FG;Biological psychiatry;0.09
Neural basis of processing sequential and hierarchical syntactic structures.;Opitz B, Friederici AD;Human brain mapping;0.09
Sex differences in the development of neuroanatomical functional connectivity underlying intelligence found using Bayesian connectivity analysis.;Schmithorst VJ, Holland SK;NeuroImage;0.089
The neural correlates of non-spatial working memory in velocardiofacial syndrome (22q11.2 deletion syndrome).;Kates WR, Krauss BR, Abdulsabur N, Colgan D, Antshel KM, Higgins AM, Shprintzen RJ;Neuropsychologia;0.089
Reduced language lateralization in first-episode schizophrenia: an fMRI index of functional asymmetry.;Bleich-Cohen M, Hendler T, Kotler M, Strous RD;Psychiatry research;0.089
Combining functional neuroimaging with off-line brain stimulation: modulation of task-related activity in language areas.;Andoh J, Paus T;Journal of cognitive neuroscience;0.089
Unique Neural Characteristics of Atypical Lateralization of Language in Healthy Individuals.;Bidula SP, Przybylski L, Pawlak MA, Kroliczak G;Frontiers in neuroscience;0.089
Evoked effective connectivity of the human neocortex.;Entz L, Toth E, Keller CJ, Bickel S, Groppe DM, Fabo D, Kozak LR, Eross L, Ulbert I, Mehta AD;Human brain mapping;0.088
"Broca Pars Triangularis Constitutes a ""Hub"" of the Language-Control Network during Simultaneous Language Translation.";Elmer S;Frontiers in human neuroscience;0.088
Functional imaging of face and hand imitation: towards a motor theory of empathy.;Leslie KR, Johnson-Frey SH, Grafton ST;NeuroImage;0.087
Music and emotions in the brain: familiarity matters.;Pereira CS, Teixeira J, Figueiredo P, Xavier J, Castro SL, Brattico E;PloS one;0.087
A fMRI study of word retrieval in aphasia.;Perani D, Cappa SF, Tettamanti M, Rosa M, Scifo P, Miozzo A, Basso A, Fazio F;Brain and language;0.086
The role of the left Brodmann's areas 44 and 45 in reading words and pseudowords.;Heim S, Alter K, Ischebeck AK, Amunts K, Eickhoff SB, Mohlberg H, Zilles K, von Cramon DY, Friederici AD;Brain research. Cognitive brain research;0.084
Top-down and bottom-up processes in speech comprehension.;Zekveld AA, Heslenfeld DJ, Festen JM, Schoonhoven R;NeuroImage;0.084
Soundmorphing: a new approach to studying speech perception in humans.;Specht K, Rimol LM, Reul J, Hugdahl K;Neuroscience letters;0.083
Two distinct functional networks for successful resolution of proactive interference.;Caplan JB, McIntosh AR, De Rosa E;Cerebral cortex (New York, N.Y. : 1991);0.083
Syntactic structure building in the anterior temporal lobe during natural story listening.;Brennan J, Nir Y, Hasson U, Malach R, Heeger DJ, Pylkkanen L;Brain and language;0.083
Altered brain response for semantic knowledge in Alzheimer's disease.;Wierenga CE, Stricker NH, McCauley A, Simmons A, Jak AJ, Chang YL, Nation DA, Bangen KJ, Salmon DP, Bondi MW;Neuropsychologia;0.083
Segregation of the human basal forebrain using resting state functional MRI.;Markello RD, Spreng RN, Luh WM, Anderson AK, De Rosa E;NeuroImage;0.083
The functional neuroanatomy of metrical stress evaluation of perceived and imagined spoken words.;Aleman A, Formisano E, Koppenhagen H, Hagoort P, de Haan EH, Kahn RS;Cerebral cortex (New York, N.Y. : 1991);0.082
Cognitive modules utilized for narrative comprehension in children: a functional magnetic resonance imaging study.;Schmithorst VJ, Holland SK, Plante E;NeuroImage;0.082
Neural aspects of sentence comprehension: syntactic complexity, reversibility, and reanalysis.;Meltzer JA, McArdle JJ, Schafer RJ, Braun AR;Cerebral cortex (New York, N.Y. : 1991);0.082
The modulation of venlafaxine on cortical activation of language area in healthy subjects with fMRI study.;Xie Q, Liu Y, Li CY, Song XZ, Wang J, Han LX, Bai HM;Psychopharmacology;0.082
The role of the insula in speech and language processing.;Oh A, Duerden EG, Pang EW;Brain and language;0.082
Modulation of language areas with functional MR image-guided magnetic stimulation.;Andoh J, Artiges E, Pallier C, Riviere D, Mangin JF, Cachia A, Plaze M, Paillere-Martinot ML, Martinot JL;NeuroImage;0.081
Human parietofrontal networks related to action observation detected at rest.;Molinari E, Baraldi P, Campanella M, Duzzi D, Nocetti L, Pagnoni G, Porro CA;Cerebral cortex (New York, N.Y. : 1991);0.081
Sustained attention to spontaneous thumb sensations activates brain somatosensory and other proprioceptive areas.;Bauer CC, Diaz JL, Concha L, Barrios FA;Brain and cognition;0.081
The role of left inferior frontal and superior temporal cortex in sentence comprehension: localizing syntactic and semantic processes.;Friederici AD, Ruschemeyer SA, Hahne A, Fiebach CJ;Cerebral cortex (New York, N.Y. : 1991);0.08
Functional changes in the activity of brain regions underlying emotion processing in the elderly.;Tessitore A, Hariri AR, Fera F, Smith WG, Das S, Weinberger DR, Mattay VS;Psychiatry research;0.08
Brain response to a humanoid robot in areas implicated in the perception of human emotional gestures.;Chaminade T, Zecca M, Blakemore SJ, Takanishi A, Frith CD, Micera S, Dario P, Rizzolatti G, Gallese V, Umilta MA;PloS one;0.08
The what and how components of cognitive control.;De Baene W, Albers AM, Brass M;NeuroImage;0.08
Semantic versus perceptual interactions in neural processing of speech-in-noise.;Golestani N, Hervais-Adelman A, Obleser J, Scott SK;NeuroImage;0.08
The Role of the Subgenual Anterior Cingulate Cortex and Amygdala in Environmental Sensitivity to Infant Crying.;Mutschler I, Ball T, Kirmse U, Wieckhorst B, Pluess M, Klarhofer M, Meyer AH, Wilhelm FH, Seifritz E;PloS one;0.08
The human action recognition system and its relationship to Broca's area: an fMRI study.;Hamzei F, Rijntjes M, Dettmers C, Glauche V, Weiller C, Buchel C;NeuroImage;0.079
Neural mechanisms underlying the processing of Chinese words: an fMRI study.;Dong Y, Nakamura K, Okada T, Hanakawa T, Fukuyama H, Mazziotta JC, Shibasaki H;Neuroscience research;0.079
Neural dynamics of learning sound-action associations.;McNamara A, Buccino G, Menz MM, Glascher J, Wolbers T, Baumgartner A, Binkofski F;PloS one;0.079
Auditory-motor integration during fast repetition: the neuronal correlates of shadowing.;Peschke C, Ziegler W, Kappes J, Baumgaertner A;NeuroImage;0.079
Neural correlates of sublexical processing in phonological working memory.;McGettigan C, Warren JE, Eisner F, Marshall CR, Shanmugalingam P, Scott SK;Journal of cognitive neuroscience;0.079
Convergence of semantics and emotional expression within the IFG pars orbitalis.;Belyk M, Brown S, Lim J, Kotz SA;NeuroImage;0.079
Neural correlates of working memory performance in adolescents and young adults with dyslexia.;Vasic N, Lohr C, Steinbrink C, Martin C, Wolf RC;Neuropsychologia;0.078
The emergence of the unmarked: a new perspective on the language-specific function of Broca's area.;Grewe T, Bornkessel I, Zysset S, Wiese R, von Cramon DY, Schlesewsky M;Human brain mapping;0.077
What artificial grammar learning reveals about the neurobiology of syntax.;Petersson KM, Folia V, Hagoort P;Brain and language;0.077
A new lexical card-sorting task for studying fronto-striatal contribution to processing language rules.;Simard F, Monetta L, Nagano-Saito A, Monchi O;Brain and language;0.077
Cortical intercorrelations of frontal area volumes in schizophrenia.;Mitelman SA, Buchsbaum MS, Brickman AM, Shihabuddin L;NeuroImage;0.076
The effect of problem structure on problem-solving: an fMRI study of word versus number problems.;Newman SD, Willoughby G, Pruce B;Brain research;0.076
Parsing the phonological loop: activation timing in the dorsal speech stream determines accuracy in speech reproduction.;Herman AB, Houde JF, Vinogradov S, Nagarajan SS;The Journal of neuroscience : the official journal of the Society for Neuroscience;0.076
Syntactic processing is distributed across the language system.;Blank I, Balewski Z, Mahowald K, Fedorenko E;NeuroImage;0.076
Perceived Conventionality in Co-speech Gestures Involves the Fronto-Temporal Language Network.;Wolf D, Rekittke LM, Mittelberg I, Klasen M, Mathiak K;Frontiers in human neuroscience;0.076
Sensory-motor brain network connectivity for speech comprehension.;Londei A, D'Ausilio A, Basso D, Sestieri C, Gratta CD, Romani GL, Belardinelli MO;Human brain mapping;0.075
Genetic influences on thinning of the cerebral cortex during development.;van Soelen IL, Brouwer RM, van Baal GC, Schnack HG, Peper JS, Collins DL, Evans AC, Kahn RS, Boomsma DI, Hulshoff Pol HE;NeuroImage;0.075
Multivariate activation and connectivity patterns discriminate speech intelligibility in Wernicke's, Broca's, and Geschwind's areas.;Abrams DA, Ryali S, Chen T, Balaban E, Levitin DJ, Menon V;Cerebral cortex (New York, N.Y. : 1991);0.074
Evidence for normal letter-sound integration, but altered language pathways in a case of recovered Landau-Kleffner Syndrome.;Pullens P, Pullens W, Blau V, Sorger B, Jansma BM, Goebel R;Brain and cognition;0.074
Central executive network in young people with familial risk for psychosis - The Oulu Brain and Mind Study.;Jukuri T, Kiviniemi V, Nikkinen J, Miettunen J, Maki P, Mukkala S, Koivukangas J, Nordstrom T, Parkkisenniemi J, Moilanen I, Barnett JH, Jones PB, Murray GK, Veijola J;Schizophrenia research;0.073
Brain activity varies with modulation of dynamic pitch variance in sentence melody.;Meyer M, Steinhauer K, Alter K, Friederici AD, von Cramon DY;Brain and language;0.072
Preschoolers' brains rely on semantic cues prior to the mastery of syntax during sentence comprehension.;Wu CY, Vissiennon K, Friederici AD, Brauer J;NeuroImage;0.072
Neural systems supporting timing and chronometric counting: an FMRI study.;Hinton SC, Harrington DL, Binder JR, Durgerian S, Rao SM;Brain research. Cognitive brain research;0.071
Determining hierarchical functional networks from auditory stimuli fMRI.;Patel RS, Bowman FD, Rilling JK;Human brain mapping;0.071
Analysis of neural mechanisms underlying verbal fluency in cytoarchitectonically defined stereotaxic space--the roles of Brodmann areas 44 and 45.;Amunts K, Weiss PH, Mohlberg H, Pieperhoff P, Eickhoff S, Gurd JM, Marshall JC, Shah NJ, Fink GR, Zilles K;NeuroImage;0.07
Functional connectivity of left Heschl's gyrus in vulnerability to auditory hallucinations in schizophrenia.;Shinn AK, Baker JT, Cohen BM, Ongur D;Schizophrenia research;0.07
Neuroarchitecture of verbal and tonal working memory in nonmusicians and musicians.;Schulze K, Zysset S, Mueller K, Friederici AD, Koelsch S;Human brain mapping;0.069
The Neural Basis of Vocal Pitch Imitation in Humans.;Belyk M, Pfordresher PQ, Liotti M, Brown S;Journal of cognitive neuroscience;0.069
Differential cerebral activation during observation of expressive gestures and motor acts.;Lotze M, Heymans U, Birbaumer N, Veit R, Erb M, Flor H, Halsband U;Neuropsychologia;0.068
Therapy-induced neuroplasticity in chronic aphasia.;Marcotte K, Adrover-Roig D, Damien B, de Preaumont M, Genereux S, Hubert M, Ansaldo AI;Neuropsychologia;0.068
Cortical theta wanes for language.;Hermes D, Miller KJ, Vansteensel MJ, Edwards E, Ferrier CH, Bleichner MG, van Rijen PC, Aarnoutse EJ, Ramsey NF;NeuroImage;0.068
Opposing effects of dopamine antagonism in a motor sequence task-tiapride increases cortical excitability and impairs motor learning.;Lissek S, Vallana GS, Schlaffke L, Lenz M, Dinse HR, Tegenthoff M;Frontiers in behavioral neuroscience;0.068
Functional neural circuits that underlie developmental stuttering.;Qiao J, Wang Z, Zhao G, Huo Y, Herder CL, Sikora CO, Peterson BS;PloS one;0.068
Multilingualism: an fMRI study.;Vingerhoets G, Van Borsel J, Tesink C, van den Noort M, Deblaere K, Seurinck R, Vandemaele P, Achten E;NeuroImage;0.067
Neural mechanisms of imitation and 'mirror neuron' functioning in autistic spectrum disorder.;Williams JH, Waiter GD, Gilchrist A, Perrett DI, Murray AD, Whiten A;Neuropsychologia;0.067
Dynamics of language reorganization after stroke.;Saur D, Lange R, Baumgaertner A, Schraknepper V, Willmes K, Rijntjes M, Weiller C;Brain : a journal of neurology;0.067
Language lateralization in individuals with callosal agenesis: an fMRI study.;Pelletier I, Paquette N, Lepore F, Rouleau I, Sauerwein CH, Rosa C, Leroux JM, Gravel P, Valois K, Andermann F, Saint-Amour D, Lassonde M;Neuropsychologia;0.067
Conversation effects on neural mechanisms underlying reaction time to visual events while viewing a driving scene: fMRI analysis and asynchrony model.;Hsieh L, Young RA, Bowyer SM, Moran JE, Genik RJ 2nd, Green CC, Chiang YR, Yu YJ, Liao CC, Seaman S;Brain research;0.064
Pragmatics in action: indirect requests engage theory of mind areas and the cortical motor network.;van Ackeren MJ, Casasanto D, Bekkering H, Hagoort P, Rueschemeyer SA;Journal of cognitive neuroscience;0.064
An evaluation of the left-brain vs. right-brain hypothesis with resting state functional connectivity magnetic resonance imaging.;Nielsen JA, Zielinski BA, Ferguson MA, Lainhart JE, Anderson JS;PloS one;0.063
Speech motor brain regions are differentially recruited during perception of native and foreign-accented phonemes for first and second language listeners.;Callan D, Callan A, Jones JA;Frontiers in neuroscience;0.063
Broca's region: linking human brain functional connectivity data and non-human primate tracing anatomy studies.;Kelly C, Uddin LQ, Shehzad Z, Margulies DS, Castellanos FX, Milham MP, Petrides M;The European journal of neuroscience;0.062
A word by any other intonation: FMRI evidence for implicit memory traces for pitch contours of spoken words in adult brains.;Inspector M, Manor D, Amir N, Kushnir T, Karni A;PloS one;0.062
Contributions of sensory input, auditory search and verbal comprehension to cortical activity during speech processing.;Giraud AL, Kell C, Thierfelder C, Sterzer P, Russ MO, Preibisch C, Kleinschmidt A;Cerebral cortex (New York, N.Y. : 1991);0.061
Semantic retrieval during overt picture description: Left anterior temporal or the parietal lobe?;Geranmayeh F, Leech R, Wise RJ;Neuropsychologia;0.061
Left posterior-dorsal area 44 couples with parietal areas to promote speech fluency, while right area 44 activity promotes the stopping of motor responses.;Neef NE, Butfering C, Anwander A, Friederici AD, Paulus W, Sommer M;NeuroImage;0.06
The neural correlates of cross-modal interaction in speech perception during a semantic decision task on sentences: a PET study.;Kang E, Lee DS, Kang H, Hwang CH, Oh SH, Kim CS, Chung JK, Lee MC;NeuroImage;0.058
Reduced neuronal activity in language-related regions after transcranial magnetic stimulation therapy for auditory verbal hallucinations.;Kindler J, Homan P, Jann K, Federspiel A, Flury R, Hauf M, Strik W, Dierks T, Hubl D;Biological psychiatry;0.058
Neural systems underlying British Sign Language and audio-visual English processing in native users.;MacSweeney M, Woll B, Campbell R, McGuire PK, David AS, Williams SC, Suckling J, Calvert GA, Brammer MJ;Brain : a journal of neurology;0.057
Functional magnetic resonance imaging of chronic dysarthric speech after childhood brain injury: reliance on a left-hemisphere compensatory network.;Morgan AT, Masterton R, Pigdon L, Connelly A, Liegeois FJ;Brain : a journal of neurology;0.057
Diffuse alterations in grey and white matter associated with cognitive impairment in Shwachman-Diamond syndrome: evidence from a multimodal approach.;Perobelli S, Alessandrini F, Zoccatelli G, Nicolis E, Beltramello A, Assael BM, Cipolli M;NeuroImage. Clinical;0.055
Functional and structural syntax networks in aging.;Antonenko D, Brauer J, Meinzer M, Fengler A, Kerti L, Friederici AD, Floel A;NeuroImage;0.053
Anatomically related grey and white matter abnormalities in adolescent-onset schizophrenia.;Douaud G, Smith S, Jenkinson M, Behrens T, Johansen-Berg H, Vickers J, James S, Voets N, Watkins K, Matthews PM, James A;Brain : a journal of neurology;0.048
Autism Spectrum Disorder Related Functional Connectivity Changes in the Language Network in Children, Adolescents and Adults.;Lee Y, Park BY, James O, Kim SG, Park H;Frontiers in human neuroscience;0.045
Phonetic perceptual identification by native- and second-language speakers differentially activates brain regions involved with acoustic phonetic processing and those involved with articulatory-audito;Callan DE, Jones JA, Callan AM, Akahane-Yamada R;NeuroImage;0.044